{"cameraMode":{"drawMode":0,"name":"Shaded","section":"Shading Mode"},"sceneLighting":false,"audioPlay":false,"sceneViewState":{"m_AlwaysRefresh":false,"showFog":true,"showSkybox":false,"showFlares":true,"showImageEffects":true,"showParticleSystems":true,"showVisualEffectGraphs":true,"m_FxEnabled":true},"in2DMode":false,"pivot":{"x":-0.9530820846557617,"y":0.05227959156036377,"z":-0.00804486870765686},"rotation":{"x":-0.1566184163093567,"y":0.7215002775192261,"z":-0.17336158454418183,"w":-0.651813805103302},"size":2.9660251140594484,"orthographic":false}