{"cameraMode":{"drawMode":0,"name":"Shaded","section":"Shading Mode"},"sceneLighting":true,"audioPlay":false,"sceneViewState":{"m_AlwaysRefresh":false,"showFog":true,"showSkybox":true,"showFlares":true,"showImageEffects":true,"showParticleSystems":true,"showVisualEffectGraphs":true,"m_FxEnabled":true},"in2DMode":false,"pivot":{"x":-2.1246089935302736,"y":-14.884326934814454,"z":-0.000934600830078125},"rotation":{"x":-0.007428198587149382,"y":0.8628101944923401,"z":-0.5053145289421082,"w":-0.012683440931141377},"size":23.246028900146486,"orthographic":false}