{"cameraMode":{"drawMode":0,"name":"Shaded","section":"Shading Mode"},"sceneLighting":true,"audioPlay":false,"sceneViewState":{"m_AlwaysRefresh":false,"showFog":true,"showSkybox":true,"showFlares":true,"showImageEffects":true,"showParticleSystems":true,"showVisualEffectGraphs":true,"m_FxEnabled":true},"in2DMode":false,"pivot":{"x":-0.9842596054077148,"y":2.282139778137207,"z":0.6512584686279297},"rotation":{"x":0.21644912660121919,"y":-0.4260876178741455,"z":0.10579098761081696,"w":0.8720294237136841},"size":14.859720230102539,"orthographic":false}