{"cameraMode":{"drawMode":0,"name":"Shaded","section":"Shading Mode"},"sceneLighting":true,"audioPlay":false,"sceneViewState":{"m_AlwaysRefresh":false,"showFog":true,"showSkybox":true,"showFlares":true,"showImageEffects":true,"showParticleSystems":true,"showVisualEffectGraphs":true,"m_FxEnabled":true},"in2DMode":false,"pivot":{"x":-1.5502920150756837,"y":1.0290427207946778,"z":-1.4939743280410767},"rotation":{"x":-0.49675706028938296,"y":-0.07996836304664612,"z":0.046032603830099109,"w":-0.8629747629165649},"size":5.258600234985352,"orthographic":false}