{"cameraMode":{"drawMode":0,"name":"Shaded","section":"Shading Mode"},"sceneLighting":false,"audioPlay":false,"sceneViewState":{"m_AlwaysRefresh":false,"showFog":true,"showSkybox":true,"showFlares":true,"showImageEffects":true,"showParticleSystems":true,"showVisualEffectGraphs":true,"m_FxEnabled":true},"in2DMode":false,"pivot":{"x":0.5802807807922363,"y":0.8791490793228149,"z":-1.2350109815597535},"rotation":{"x":-0.33758729696273806,"y":-0.6593601703643799,"z":0.43416765332221987,"w":-0.5126720666885376},"size":7.361220836639404,"orthographic":false}